,Unnamed: 0,Name,Location,Type,Website,Specialities,Size_least,Size_Max,Founded,Status,Followers on Stack Overflow,Link,num_Type,num_Specialities,num_Location
0,0,Nord Security,Warsaw;Vilnius;Kaunas,"Network Security,Cybersecurity,Software Development",https://nordsecurity.com/careers,"swift,jupyter,.net,next.js,reactjs,php,symfony,redis,rust,minio,redux,typescript,c++,docker,javascript,kotlin-coroutines,cassandra,rabbitmq,mysql,kotlin,kubernetes,node.js,apache-spark,dagger,apache-kafka,slim,c#,echo,cocoapods,python,go",1000.0,5000.0,2012.0,Private,262.0,https://stackoverflow.com/jobs/companies/nord-security?c=OOsuHoa4giVWlhTi,3,31,3
1,1,Audible,Tokyo;Berlin;London,"Web Technology,Content Marketing,Agile Software Development",http://audiblecareers.com,"mason,http,perl,smoothstreaming,node,streaming,css3,services,hds,java,maven,hadoop,android,sql,objective-c,javascript,js,web,spring,amd,r,selenium,requires.js,dojo,testng,underscore,jquery,junit,amazon,live,ipad,git,ant,cucumber,css,jsp,html5,ruby,sass,ios,rstudio,python,jrebel,angular.js",1000.0,5000.0,1995.0,Public,314.0,https://stackoverflow.com/jobs/companies/audible?c=c8xStPAHS03ypnb2,3,44,3
2,2,Paylocity,Lake Mary;Praha 8;Meridian,"Payroll,Software Development / Engineering,Human Resources",https://www.paylocity.com/,"infrastructure-as-code,swift,ruby-on-rails,nlp,.net,postman,data-modeling,cisco,sql-server,machine-learning,cicd,cypress,api-gateway,f5,sql,supervised-learning,docker,aws,kotlin,kubernetes,devops,amazon-ec2,agile,octopus-deploy,css,c#,aws-lambda,imperva,teamcity,react-native,pyspark,python",5000.0,10000.0,1997.0,Public,2.0,https://stackoverflow.com/jobs/companies/paylocity?c=OSWvwo4enXZmLol2,3,32,3
3,3,DISH,Englewood;Littleton;Denver,"Wireless Communications,Information Technology,Cloud Services",https://careers.dish.com,"swagger,saml,azure,software-design,alm,ansible,f5,google-cloud-platform,sql,hp-uft,octane,node.js,apache-spark,rest,c#,linux,adobe-commerce,vmware,oauth,influxdb,go,esxi,gitlab,perl,xml,bdd,unix,rspec,sql-server,redis,apache,docker,vcenter,apigee,mysql,selenium,adobe-experience-manager,wan,devops,apache-kafka,ruby,api,kanban,newrelic,amazon-web-services,redhat,cloudnit,shell,maven,ready-api,aws-cloudformation,ian,confluent-platform,spring-boot,scala,rackspace,pyspark,fabric,python,elasticsearch,ssh,terraform,java,cisco,php,jakarta-ee,c++,rdp,scrum,kubernetes,mulesoft,tdd,minitest,openai-api,json,amazon-elastic-beanstalk,okta",10000.0,,1980.0,Public,21.0,https://stackoverflow.com/jobs/companies/dish?c=OSgcwIiB6CUNK7bq,3,77,3
4,4,Just Eat Takeaway.com,Tel Aviv-Yafo;Berlin;Sofia,"Food & Beverage,Marketplace",https://careers.justeattakeaway.com,"c#,swift,php,angular,sql,azure,javascript,docker,.net,servicebus,kotlin,react,java,kubernetes,mongodb",10000.0,,2000.0,Public,186.0,https://stackoverflow.com/jobs/companies/just-eat-takeawaycom?c=OaYLIyqpEuOGIQMg,2,15,3
5,5,Deutsche Börse Group,Singapore;China;Czechia,"High Frequency Trading,Financial Technology,Customer Data Platform",https://deutsche-boerse.com/dbg-en/,"ansible,google-cloud-platform,c++,openshift-origin,elk,terraform,java,python,kubernetes",10000.0,,,Private,13.0,https://stackoverflow.com/jobs/companies/deutsche-b%C3%B6rse-group?c=ORLYXwb9369fS3MQ,3,9,3
6,6,Bosch USA,Sunnyvale;Fairport;Irvine,"Manufacturing,Agile Software Development,Automotive",https://www.bosch.us/careers/ ,"autosar,development,powershell,gdb,bash,java,simulink,matlab,windows,objective,canoe,c++,systems,canalyzer,cmake,embedded,lidar,agile,git,c,subversion,c#,canape,control,linux,ethernet,capl,software,python",10000.0,,1886.0,Private,111.0,https://stackoverflow.com/jobs/companies/bosch-usa?c=OQNxP7WeW2Ca7WZG,3,29,3
7,7,GFT,Warsaw;Łódź;Kraków,"Banking,Cloud-Based Solutions,Financial Technology",https://www.gft.com/pl/pl/about-us/career?utm_source=stackoverflow&utm_medium=profile,"angular,helm,flutter,hibernate,guidewire,azure,.net,postgres,node,terraform,react,java,ansible,android,sql,typescript,javascript,docker,spring,aws,kotlin,kubernetes,gcp,rest,bigquery,git,thoughtmachine,spark,mongodb,ios,scala,kafka,dlt,istio,python",1000.0,5000.0,1987.0,Private,26.0,https://stackoverflow.com/jobs/companies/gft?c=ORY4nZPkgUsh1hxS,3,35,3
8,8,ING Deutschland,Hannover;Berlin;Nürnberg,"Banking,Finance,Financial Technology",https://www.ing.jobs/deutschland/alle-jobs.htm,"swift,elasticsearch,angular,hibernate,azure,numpy,apache-flink,sdk,unix,plsql,java,maven,hadoop,jboss,ansible,prometheus,jakarta-ee,android,sql,cloud,wicket,docker,javascript,oracle,spring,cobol,mysql,r,scrum,jenkins,kubernetes,bigdata,apache-spark,continuous-delivery,elk,spring-boot,apache-kafka,eclipse,fitnesse,git,continuous-integration,openshift,elastic-stack,c#,database,java-ee,ios,scala,tomcat,automated-tests,business-intelligence,kanban,microservices,pandas,linux,html,etl,python",5000.0,10000.0,1965.0,Public,150.0,https://stackoverflow.com/jobs/companies/ing-deutschland?c=ia5AK3jwGDN3oyCQ,3,58,3
9,9,Volvo Group,Wrocław;Gothenburg;Bengaluru,Transportation,https://www.volvogroup.com/,"nodejs,azure,rpa,.net,sap-erp,reactjs,gerrit,java,expressjs,postgresql,tensorflow,redux,docker,oracle,r,azure-devops,powerbi,elk,s4hana,rest,git,entity-framework,amq,mongodb,c#,sap-fiori,influx,styled-components,microservices,devsecops,amazon-web-services,python,graphql",10000.0,,1927.0,Private,171.0,https://stackoverflow.com/jobs/companies/volvo-group?c=ONo0QL64xlfl1zdC,1,33,3
10,10,Westpac,Melbourne;Surfers Paradise;Sydney,"Banking,Financial Technology,Software Development / Engineering",https://www.westpac.com.au/engineers,"swagger,hibernate,accessibility,reactjs,terraform,java,corejava,redux,javascript,hashicorp-vault,spring,reduct-saga,jenkins,node.js,devops,spring-boot,redux-saga,restful,api,microservices",10000.0,,1817.0,Public,72.0,https://stackoverflow.com/jobs/companies/westpac?c=OPD1gg39BaM3eCru&pg=2,3,20,3
11,11,Intuit,Paris;Petah Tikva;Bengaluru,"Computer Software,Financial Technology",https://www.intuit.com/?cid=cpg_so_click_us_career-profile_aw_profile|alltechaudience_link|none_intuit-talent,"swift,springboot,graphdb,iks,react,java,redis,dynamodb,c++,javascript,js,docker,spring,aws,kotlin,rds,jenkins,kubernetes,play,k8s,argo,aurora,nosql,native,spark,mongodb,obj-c,c#,scala,tomcat,kafka,graphql",10000.0,,1983.0,Public,358.0,https://stackoverflow.com/jobs/companies/intuit?c=OMBF8QvlE61gqGbu&pg=2,2,32,3
12,12,Roblox,San Mateo,"Software Development,Communications,Virtual Worlds",https://corp.roblox.com/,"elasticsearch,lua,.net,reactjs,terraform,kubeflow,machine-learning,tensorflow,redis,pytorch,rust,android,computer-vision,c++,nomad,trino,node.js,consul,haproxy,approximate-nn-searching,apache-spark,machine-translation,apache-kafka,cockroachdb,c#,conversational-ai,ruby,ios,artificial-intelligence,hive,python",1000.0,5000.0,,Public,65.0,https://stackoverflow.com/jobs/companies/roblox?c=ORbIG5eBnFecqovK&pg=2,3,31,1
13,13,CBRE,Dallas;Boston;New York,"Commercial Real Estate,Software Development,Information Technology",https://bit.ly/3iLDKw2,"sql-db,elastic,angular,azure-cloud,javascript,html,css,cloudfront,sitecore,react,java,coveo,solr",10000.0,,1906.0,Public,142.0,https://stackoverflow.com/jobs/companies/cbre?c=OOamyFGNqAtpCsfK&pg=2,3,13,3
14,14,Optum ,Letterkenny;India;Bogotá,Health Care,https://www.optum.com/,"golang,scala,devops,agilescrum,sql,aiml,javascript,apis,cloudawsazure,docker,spring-boot,kafka,java,jenkins,kubernetes,cicd",10000.0,,2011.0,Public,46.0,https://stackoverflow.com/jobs/companies/optum?c=OPP6GJHkOZ54nQcw&pg=2,1,16,3
15,15,Outfit7,Germasogeia;Xu Hui Qu;Chongwenmen Outer Residential District,"Digital Video Distribution,Mobile Game,Gaming",https://www.outfit7.com/?utm_source=paid&utm_medium=stackoverflow&utm_campaign=O7officialwebsite ,"swift,asset-pipeline,backend,visual-studio,java,jetbrains-ide,android,google-cloud-platform,iphone,c++,cloud,objective-c,kotlin,xcode,unity-game-engine,serverless,c#,quarkus,ios,rendering,opengl,optimization,animation,shader,android-studio",201.0,500.0,2009.0,Private,24.0,https://stackoverflow.com/jobs/companies/outfit7?c=OSmfeX7GIx4jjJ3W&pg=2,3,25,3
16,16,American Express.,Gurugram;Brighton;Bengaluru,"Financial Services,Finance,Financial Technology",https://www.americanexpress.com/en-us/careers/career-areas/technology/,".net,reactjs,react,postgresql,sql,javascript,zos,vert.x,chef,r,node.js,hbase,elasticsearch-dsl,elk,rest,agile,continuous-integration,spark,salesforce,c#,restful,linux,ibm,go,telemetry,unix,sql-server,machine-learning,redis,docker,mysql,jenkins,sas,nosql,css,ios,api,ai,hive,html,opentracing,amazon-web-services,golang,swift,hiveql,postgres,couchbase,hadoop,android,amazon-redshift,grpc,cassandra,aiml,swiftui,scala,tableau-api,pyspark,kafka,python,elasticsearch,apache-flink,terraform,open-telemetry,java,neo4j,graphql-js,prometheus,jakarta-ee,cloud,jaeger,kotlin,grafana,hadoop-yarn,kubernetes,mongodb,react-native,graphql",10000.0,,1850.0,Private,355.0,https://stackoverflow.com/jobs/companies/american-express?c=ONSepXdwAS0STCCc&pg=2,3,77,3
17,17,adjoe ,Hamburg,"Advertising Technology,Ad Tech,Mobile Application",http://www.adjoe.io,"golang,elasticsearch,swift,flutter,gitlab,bash,terraform,react,java,sentry,android,sql,typescript,docker,druid,grpc,aws,kotlin,mobile,mysql,gitlab-ci,kubernetes,apache-spark,devops,apache-kafka,git,mongodb,json,ios,protobuf,react-native,microservices,packer,go",51.0,200.0,2018.0,Private,192.0,https://stackoverflow.com/jobs/companies/adjoe?c=OMpzImRaqhIfhsqs&pg=2,3,34,1
18,18,Grab,Singapore;Petaling Jaya;Bengaluru,"Transportation,Information Technology,Technical Services",http://grab.careers,"golang,swift,bazel,javascript,kotlin",5000.0,10000.0,2012.0,Public,189.0,https://stackoverflow.com/jobs/companies/grab?c=OOgpgUvT2uCVc48g&pg=2,3,5,3
19,19,Equinix,No office location,Internet Infrastructure,http://eqix.it/4183V07,"api-design,cloud-native,azure,reactjs,bash,terraform,nats-streaming-server,java,postgresql,nfv,cicd,ansible,rust,google-cloud-platform,c++,cassandra,scrum,kubernetes,paas,spring-boot,rest,agile,git,nosql,c,mongodb,ipaas,sdn,ruby,cockroachdb,iaas,linux,saas,identity-management,amazon-web-services,python,go",10000.0,,1998.0,Public,82.0,https://stackoverflow.com/jobs/companies/equinix?c=ORhLok3GZznI00og&pg=2,1,37,1
20,20,intive,Białystok;București;Lublin,"Design,Computer Software,IT Consulting",https://intive.com/,"swift,ruby-on-rails,angular,autosar,azure,.net,jmeter,reactjs,postman,perl,java,php,rust,aspice,android,google-cloud-platform,sql,c++,typescript,javascript,docker,kotlin,mysql,r,selenium,jenkins,kubernetes,node.js,embedded,net,vue.js,rest,.net-core,nosql,c,cucumber,mongodb,c#,ruby,ios,react-native,ethernet,amazon-web-services,python,go",1000.0,5000.0,2016.0,Private,154.0,https://stackoverflow.com/jobs/companies/intive?c=OOKCQ6Dl61ot47wQ&pg=3,3,45,3
21,21,National Security Agency,Honolulu;Fort Meade;Augusta,"Federal Agencies,Cybersecurity,Signals Analysis",http://www.IntelligenceCareers.gov/NSA,"node.js,angular,c++,javascript,java,c",10000.0,,1952.0,Public,442.0,https://stackoverflow.com/jobs/companies/national-security-agency?c=EoExxmTsR2P48HzW&pg=3,3,6,3
22,22,Deloitte US-India offices,Gurugram;Kolkata;Kothaguda,"Technology Consulting,Software Development / Engineering,Information Technology",https://www2.deloitte.com/ui/en.html,"adobe,nlp,cybersecurity,azure,.net,google,sapui5,computer-vision,security,hybris,aws,abap,virtualization,blockchain,concur,sd,salesforce,fieldglass,scientist,aemcq,processing,ibm,peoplesoft,visualization,virtual,digital,ariba,plsql,bibw,rms,bpc,hardware,ui5,platform,machine,ems,microsoft,technology,artificial-intelligence,software,server,engagement,architect,erp,modelling,language,fiori,ssas,netsuite,ssrs,network,management,natural,ssis,realityvirtual,analytics,tokenization,engineer,sap,agents,augmented-reality,system,enovia,java,successfactors,hana,sharepoint,epm,cloud,s4,oracle,bigdata,deep-learning,augmented,ms-access,coupa,ruby-on-rails-4,angularjs,workday",10000.0,,,Private,217.0,https://stackoverflow.com/jobs/companies/deloitte-us-india-offices?c=OMTNhyYCtOtN9vP2&pg=3,3,79,3
23,23,Deloitte US,Honolulu;Pleasanton;San Francisco,"Software Development / Engineering,Consulting",https://www2.deloitte.com/us/en/pages/careers/articles/technology-jobs-deloitte.html?id=us:2el:3dp:stackofl22:awa:career:071822,"development,moq,azure,idam,.net,sap,visual-studio,css3,python-2.7,soa,db2,java,workflow,maven,cicd,azure-cosmosdb,php,jakarta-ee,jdbc,nunit,sql,cloud,proc-sql,.netc,javascript,webpack,wsinodejs,spring,alteryx,visual-c++,epic,apigee,mysql,jenkins,mean-stack,node.js,struts,chef-infra,devops,powerbi,mulesoft,vstsvisual,sail,junit,robotics,stored,appian,git,nosql,ant,html5,c#,boomi,salesforce,ios,layer,kong,artificial-intelligence,bpm,ssis,gradle,ado,tfs,database-design,data,python,puppet,workday",10000.0,,1845.0,Private,148.0,https://stackoverflow.com/jobs/companies/deloitte-us?c=OM1oRpyNYF6cZ0Uo&pg=3,2,68,3
24,24,Stack Overflow,London;New York,"Enterprise Software,Advertising",https://stackoverflow.com/company/work-here,"c#,redis,elasticsearch,javascript,jquery,asp.net-mvc,sql-server",501.0,1000.0,2008.0,Private,815.0,https://stackoverflow.com/jobs/companies/stack-overflow?c=62IeP5BU9xQoV2&pg=3,2,7,2
25,25,Pluralsight,Dublin;Bengaluru;Draper,SaaS,https://www.pluralsight.com/careers,"golang,swift,.net,node,reactjs,asp.net,terraform,java,tensorflow,sql,c++,typescript,javascript,docker,kotlin,r,kubernetes,node.js,rails,vue.js,flask,spark,express,c#,ruby,scala,jest,nginx,on,django,amazon-web-services,python,junit-jupiter",1000.0,5000.0,2004.0,VC Funded,202.0,https://stackoverflow.com/jobs/companies/pluralsight?c=OOEA7ROfu7eXuvEk&pg=3,1,33,3
26,26,Warner Bros. Discovery,San Francisco;New York;Bellevue,"Digital Video Distribution,Broadcast,Digital Media",https://wbd.com/,"swift,elasticsearch,angular,reactjs,crossplane,java,postgresql,machine-learning,neo4j,php,google-cloud-platform,ffmpeg,redux,javascript,docker,testrail,kotlin,mysql,grafana,selenium,kubernetes,opensearch,python-3.x,node.js,cdn,spring-boot,apache-kafka,c,cucumber,mongodb,json,ruby,appium,angularjs,github,amazon-web-services,python,go",10000.0,,,Public,276.0,https://stackoverflow.com/jobs/companies/warner-bros-discovery?c=MQTUVeAcRTFT6qpG&pg=3,3,38,3
27,27,"Jack Henry & Associates, Inc.®",Louisville;San Diego;Charlotte,"Banking,Financial Technology,Software Development / Engineering",https://www.jackhenry.com/,"swift,swagger,yarn,visual-studio,jwt,npm,sql-server,postgresql,prometheus,redis,tsql,typescript,objective-c,docker,javascript,web,kotlin,openid-connect,ecmascript-harmony,kubernetes,node.js,hugo,git,confluent,json,c#,ruby,scala,android-3.0-honeycomb,datadog,kafka,cosmos,oauth,go,openapi",5000.0,10000.0,1976.0,Public,169.0,https://stackoverflow.com/jobs/companies/jack-henry-and-associates-inc?c=BXgzq39UnuDb8T2o&pg=3,3,35,3
28,28,ABBYY ,Kyiv;Vilnius;Nicosia,"Automation,Artificial Intelligence,Information Technology",https://www.abbyy.com/,"nodejs,nlp,azure,.net,next.js,reactjs,mlai,react,postgresql,cicd,android,c++,typescript,redux,javascript,docker,cloud,aws,grafana,kubernetes,devops,k8s,d3.js,c#,ios,angularjs,core",501.0,1000.0,1989.0,Private,85.0,https://stackoverflow.com/jobs/companies/abbyy?c=OP8NH3VHxE0vmz2U&pg=3,3,27,3
29,29,Discover Financial Svcs,London;Farnborough,"Banking,Financial Services",https://www.discover.com/,"java,hadoop,ansible,jakarta-ee,amazon-redshift,javascript,kibana,oracle,spring,rabbitmq,kubernetes,node.js,chef-infra,powerbi,elk,spring-boot,essbase,teradata,aws-rds,cucumber,json,cloudfoundry-uaa,amazon-rds,tableau-api,nexus,gemfire,angularjs,logstash,gradle,cloud-foundry,qlikview,github",10000.0,,1986.0,Public,87.0,https://stackoverflow.com/jobs/companies/discover-financial-svcs?c=OKWV0MuOfHpBFieI&pg=3,2,32,2
30,30,Discover Financial Services,Chicago;Riverwoods,"Banking,Financial Services,Financial Technology",https://jobs.discover.com/,"java,hadoop,ansible,jakarta-ee,amazon-redshift,kibana,oracle,spring,rabbitmq,kubernetes,node.js,chef-infra,powerbi,elk,spring-boot,essbase,teradata,aws-rds,cucumber,json,cloudfoundry-uaa,amazon-rds,tableau-api,nexus,gemfire,angularjs,logstash,gradle,cloud-foundry,qlikview,github",10000.0,,1985.0,Public,111.0,https://stackoverflow.com/jobs/companies/discover-financial-services?c=OJMorUBIUPzuLXGw&pg=4,3,31,2
31,31,Zoi TechCon GmbH,Berlin;Stuttgart;Quận 1,"Cloud Computing,IT Consulting,Cloud Services",https://www.zoi.tech/,"c#,node.js,google-cloud-platform,typescript,azure,javascript,.net,aws,terraform,react,kubernetes",201.0,500.0,2017.0,Private,4.0,https://stackoverflow.com/jobs/companies/zoi-techcon-gmbh?c=OSKq5Uq3a9GlCaA0&pg=4,3,11,3
32,32,Magnolia International Ltd.,Kroměříž;Singapore;Tân Bình,"Enterprise Software,CMS,Agile Software Development",http://www.magnolia-cms.com,"angular,docker,spring,git,terraform,amazon-web-services,react,java,maven,jenkins,kubernetes",201.0,500.0,1997.0,Private,80.0,https://stackoverflow.com/jobs/companies/magnolia-international-ltd?c=Jzmx3ZZeiNqxOKs0&pg=4,3,11,3
33,33,Jumbo Supermarkets,Veghel,"Software Development,Data & Analytics,Test Automation",https://nl.jobs.jumbo.com/en/werkplek/jumbo-tech-campus/,"swift,sap,java,maven,android,docker,spring,kotlin,git-flow,kubernetes,node.js,soap,vue.js,junit,git,salesforce,ios,microservices,amazon-web-services,android-studio,microstrategy",10000.0,,1922.0,Private,130.0,https://stackoverflow.com/jobs/companies/jumbo-supermarkets?c=Ffc88f3foduyJ0w8&pg=4,3,21,1
34,34,WiseTech Global,Nan Jing Shi;Alexandria;Bengaluru,"Software Development,Enterprise Software,Logistics and Supply Chain",https://wisetechglobal.com,"c#,c++,.net,java,sql-server",1000.0,5000.0,1994.0,Public,46.0,https://stackoverflow.com/jobs/companies/wisetech-global?c=ORzTx2wXPhQeIQ1O&pg=4,3,5,3
35,35,Sartorius,Umeå;Berlin;Bangalore,"Life Sciences,Biotechnology",https://www.sartorius.com/,"angular,azure,powershell,.net,perl,xml,react,java,c++,typescript,javascript,spring,sap-commerce-cloud,devops,spring-boot,rest,apache-kafka,react-redux,c,azure-api-management,c#,wpf,scala,amazon-web-services,python",10000.0,,1870.0,Private,94.0,https://stackoverflow.com/jobs/companies/sartorius?c=ON5SI2CNHCMOiJA4&pg=4,2,25,3
36,36,Delivery Hero SE,Berlin,"Web Technology,Food & Beverage,eCommerce",http://www.deliveryhero.com/,"swift,golang,ruby-on-rails,flutter,reactjs,terraform,java,php,salesforce-lightning,android,javascript,tornado,docker,kotlin,selenium,kubernetes,node.js,cucumber,css,salesforce,ios,react-native,html,django,angularjs,amazon-web-services,python",10000.0,,2011.0,Public,521.0,https://stackoverflow.com/jobs/companies/delivery-hero-se?c=sgMY3d4ognQ71oB2&pg=4,3,27,1
37,37,Schwarz IT KG ,Berlin;Bucharest;Sofia,"Retail Industry,Retail Apps,Retail",https://it.schwarz/,"golang,swift,sap,.net,bash,dart,java,php,android,typescript,docker,javascript,abap,kotlin,kubernetes,vue.js,c#c++,ios,kafka,angularjs,python,go",1000.0,5000.0,2019.0,Private,77.0,https://stackoverflow.com/jobs/companies/schwarz-it-kg-schwarz-dienstleistung-kg?c=ONA6heKfL9ymaMYE&pg=4,3,22,3
38,38,SD Worx,Quatre Bornes;Espoo;Katowice,"Financial Services,Cloud-Based Solutions,Product Development",https://www.sdworx.com/,"elasticsearch,flutter,odata,sonarqube,azure,bootstrap-5,nuget,.net,postman,oauth-2.0,reactjs,asp.net,npm,java,sql-server,aspose,postgresql,cqrs,scss-mixins,winforms,dynatrace,jakarta-ee,knockout.js,google-cloud-platform,reporting-services,c++,outsystems,sql,docker,javascript,typescript,tsql,spring,power-automate,cobol,rabbitmq,xunit,openid-connect,selenium,azure-devops,kubernetes,ibm-cloud,powerbi,sap-successfactors,snowflake-cloud-data-plat,windows-server,jquery,domain-driven-design,.net-core,tdd,git,blueprism,visual-studio-code,xamarin,webapi,css,x++,salesforce,c#,ranorex,workflow-foundation,shuttle,signalr,model-view-controller,tableau-api,html,amazon-web-services,core",5000.0,10000.0,1945.0,VC Funded,21.0,https://stackoverflow.com/jobs/companies/sd-worx?c=OSykFqLRWlnksWOY&pg=4,3,68,3
39,39,IT Sonix Custom Development GmbH,Leipzig,"Software Development / Engineering,Software Consulting,Agile Software Development",https://itsonix.eu/,"c#,user-interface,angular,user-experience,devops,vue,azure,javascript,docker,.net,boot,kubernetes,spring,agile,aws,react,java,core",51.0,200.0,2011.0,Private,65.0,https://stackoverflow.com/jobs/companies/it-sonix-custom-development-gmbh?c=OPeQpiKN9ya0WaVq&pg=4,3,18,1
40,40,Smals,Sint-Gillis;Brussel;Charleroi,"Cloud Computing,Software Development,Information Technology",http://www.smals.be/jobs,".net,bpmn,xml,soa,java,cisco,postgresql,maven,jboss,windows,php,symfony,apache,sharepoint,sql,cloud,javascript,oracle,solaris,eclipse,git,openshift,c#,juniper,linux,redhat",1000.0,5000.0,1939.0,Private,79.0,https://stackoverflow.com/jobs/companies/smals?c=CmvUdYAlJ4m4U7M4&pg=5,3,26,3
41,41,Novo Nordisk A/S,Plainsboro Township;Denmark;Bengaluru,"Manufacturing,Pharmaceuticals",https://talent.stackoverflow.com/company/novo-nordisk-a-s,"angular,azure,cicd,cypress,android,sql,javascript,mysql,azure-devops,node.js,jquery,vue.js,rest,.net-core,css,mongodb,c#,ios,html,amazon-web-services,python",10000.0,,1923.0,Public,237.0,https://stackoverflow.com/jobs/companies/novo-nordisk-a-s?c=OzrKOzg86PjvTctO&pg=5,2,21,3
42,42,MaibornWolff GmbH,Berlin;München;Tunis,"Software Development / Engineering,Agile Software Development,Test Automation",https://www.maibornwolff.de/en/career/?mtm_campaign=stackoverflow-profile,"swift,angular,nodejs,flutter,backend,dart,react,java,android,cloud,typescript,javascript,spring,kotlin,mobile,scrum,vue.js,spring-boot,junit,cucumber,ios,kanban,testing,datenbanken",501.0,1000.0,1989.0,Private,109.0,https://stackoverflow.com/jobs/companies/maibornwolff-gmbh?c=ONYh8c2CcMaoteuI&pg=5,3,24,3
43,43,KVK,Utrecht,Government,https://werkenbij.kvk.nl/vitale-it,"java-17,swagger,angular,nodejs,azure,.net,gitlab,babel,rancher,terraform,react,java,cicd,sql,mobilefirstdesign,typescript,javascript,webpack,docker,azurenetworking,kotlin,selenium,kubernetes,soap,devops,apis,bizzdesign,rest,cucumber,css,c#,quarkus,aks,jest,html,graphql,openapi",1000.0,5000.0,1803.0,Public,3.0,https://stackoverflow.com/jobs/companies/kvk?c=OSEnnFAXyfwQ2yHu&pg=5,1,37,1
44,44,itm8,Dumaguete;Bromma;Praha 13,Information Technology,https://www.itm8.com/,"dynamics-crm,azure-application-insight,oracleforms,angular,azure,powershell,.net,reactjs,azureservicebus,dynamics-al,azure-cognitive-services,java,sql-server,postgresql,azure-cosmosdb,azure-active-directory,microsoft365,sql,c++,javascript,oracle-soa,oracle,mysql,xunit,azure-devops,azure-eventhub,azure-appservice,f#,azure-keyvault,azure-api-management,mariadb,azure-logic-apps,microfocus,c#,azure-sql-server,weblogic,dynamics-business-central,zabbix,python",1000.0,5000.0,2003.0,Private,59.0,https://stackoverflow.com/jobs/companies/itm8?c=OQBsoEi3Iej8YJeE&pg=5,1,39,3
45,45,ZEISS Group,Budapest;Miskolc;Bengaluru,"Machine Learning,Virtual Reality,Medical Devices",http://www.zeiss.de/karriere,"c#,swift,angular,c++,typescript,azure,javascript,cuda,qt,artificial-intelligence,reactjs,unity3d,go,c,python,machine-learning,matlab,tensorflow",10000.0,,1846.0,Private,149.0,https://stackoverflow.com/jobs/companies/zeiss-group?c=wSZsZcs7hw9jnaco&pg=5,3,18,3
46,46,MetLife,Hanover;Bridgewater;New York,"Financial Services,Insurance",https://jobs.metlife.com,"jupyter,adobe,angular,anaconda,apex,azure,.net,terraform-provider-azure,ping,terraform,db2,java,sql-server,postgresql,hadoop,azure-cosmosdb,redis,apache,aem,sql,typescript,javascript,docker,oracle,spring,azure-devops,kubernetes,node.js,hbase,apache-spark,apache-kafka,git,express,mongodb,salesforce,c#,azure-synapse,hive,django,identity-management,oauth,github,python,ionic-framework",10000.0,,1868.0,Public,46.0,https://stackoverflow.com/jobs/companies/metlife?c=OR5FXQpvLL4GQMDe&pg=5,2,44,3
47,47,Thermo Fisher Scientific Careers,Singapore;Hyderabad;Bengaluru,"Science,Pharmaceuticals,Biotechnology",https://jobs.thermofisher.com/global/en/c/it-jobs?rx_source=stackoverflow&rx_vp=jobslots&rx_c=&rx_campaign=&rx_ad=&rx_medium=post&rx_paid=1&rx_ch=jobpost&utm_source=stackoverflow-jobslots&utm_medium=jobpost&utm_campaign=profile&=&=&=,"analytics,sql,azure,javascript,encoding,jquery,artificial-intelligence,robotics,sap,data-science,computer-science,amazon-web-services,python",10000.0,,1956.0,Public,275.0,https://stackoverflow.com/jobs/companies/thermo-fisher-scientific-careers?c=OIpMsz4sm9qmJpni&pg=5,3,13,3
48,48,Synopsys Inc.,Sunnyvale,"Semiconductors,Information Technology",https://ad.doubleclick.net/ddm/clk/564350394;373335449;p?https://www.synopsys.com/careers.html?utm_source=stackoverflow.com&utm_medium=profile&utm_campaign=2023_Growth_Markets&utm_content=niche_site&utm_term=373335449&ss=paid,"c#,spice,system-verilog,c++,verilog,framemaker,tcl,icc,vhdl,hbm,dita,uvm,apr,unix,java,c,python,dft",10000.0,,1986.0,Public,29.0,https://stackoverflow.com/jobs/companies/synopsys-inc?c=OS476eEpSOBMATqo&pg=5,2,18,1
49,49,Contentful,Berlin;Denver,Software Development,https://www.contentful.com/,"node.js,ruby,swift,golang,typescript,javascript,mks,terraform,amazon-web-services,java,postgresql,kubernetes",501.0,1000.0,2013.0,VC Funded,118.0,https://stackoverflow.com/jobs/companies/contentful-gmbh?c=OPkT7xzSLsjwvMNW&pg=5,1,12,2
50,50,MongoDB,Gurugram;Paris;Barcelona,"Enterprise Software,Computer Software,Databases",https://www.mongodb.com/,"swift,mongodb-query,rust,c++,typescript,javascript,mongoose,.net,reactjs,dart,kotlin,c++17,java,python,go,mongodb",1000.0,5000.0,2007.0,Public,423.0,https://stackoverflow.com/jobs/companies/mongodb?c=ONhY8wgYVr5PrXl6&pg=6,3,16,3
51,51,eBay,Luxembourg;Netanya;Kleinmachnow,"eCommerce,Internet Marketing",https://jobs.ebayinc.com/us/en/c/engineering-jobs,"node.js,hbase,backbone.js,riak,cc++,objective-c,javascript,marko,jquery,jenkins,cocoa,css3,cassandra,java,c,python,hadoop,html5",10000.0,,1995.0,Public,287.0,https://stackoverflow.com/jobs/companies/ebay?c=8z4rkBn4OfAvrhqo&pg=6,2,18,3
52,52,PayPay Corporation.,No office location,Financial Technology,https://about.paypay.ne.jp/career/en/,"swift,elasticsearch,tidb,java,redis,android,typescript,kibana,javascript,jira,load-balancing,kotlin,rds,jenkins,kubernetes,restfulapi,spring-boot,scramble,apache-kafka,agile,git,aurora,ios,scala,datadog,microservices,github,amazon-web-services,python,go",1000.0,5000.0,2018.0,Private,500.0,https://stackoverflow.com/jobs/companies/paypay-corporation?c=LGtoLAjXBXIvlu6c&pg=6,1,30,1
53,53,CGI (Canada),Stratford;Halifax;Moncton,"Business Process Outsourcing,IT Consulting,System Integration",https://www.cgi.com/canada/en-ca,"continuous-deployment,angular,azure,sap,.net,terraform,java,sql-server,ansible,php,google-cloud-platform,cloud,javascript,spring,magento,bigdata,cloudformation,devops,powerbi,crm,wordpress,sre,arm,devsecops,angularjs,view,amazon-web-services,python,oracle-cloud-infrastructu",10000.0,,1976.0,Private,77.0,https://stackoverflow.com/jobs/companies/cgi-canada?c=OQ1c7dlw2No5x3Xy&pg=6,3,29,3
54,54,AVIV Group GmbH,Berlin;Nürnberg;Hamburg,"Real Estate,Cloud-Based Solutions,Ad Tech",https://www.aviv-group.com/,"publish-subscribe,celery,terraform,java,postgresql,ansible,redis,android,google-cloud-platform,sql,typescript,docker,javascript,github-actions,rabbitmq,circleci,gitlab-ci,jenkins,kubernetes,.net-6.0,node.js,fetch-api,flask,.net-core,nosql,c#,ios,scala,algolia,datadog,amazon-web-services,python",1000.0,5000.0,2021.0,Private,44.0,https://stackoverflow.com/jobs/companies/aviv-group-gmbh?c=OPwYy1e3ZgCxF0yY&pg=6,3,32,3
55,55,Bloomberg LP,London;Hong Kong Island;New York,"Financial Technology,Data & Analytics,News",https://www.bloomberg.com/engineering,"elasticsearch,ruby-on-rails,nlp,angular,.net,perl,java,postgresql,machine-learning,hadoop,tensorflow,ansible,php,apache,redis,android,sql,c++,cloud,typescript,javascript,docker,go,mysql,chef,kubernetes,bigdata,solr,node.js,hbase,lucene,apache-spark,haskell,apache-kafka,openstack,c,html5,c#,ruby,ios,open-source,scala,linux,python,puppet",10000.0,,1981.0,Private,365.0,https://stackoverflow.com/jobs/companies/bloomberg?c=3NdBKWpogs5Te1LW&pg=6,3,45,3
56,56,FINN,München,"Mobility,Agile Software Development,Automotive",https://www.finn.com/en-US/careers?utm_source=stackoverflow&utm_medium=company_profile,"node.js,serverless-framework,express,confluence,react-hooks,typescript,webpack,jira,flask,gitlab,reactjs,serverless,postman,amazon-web-services,python,go",201.0,500.0,2019.0,VC Funded,738.0,https://stackoverflow.com/jobs/companies/finn?c=MoDdZTBXzfccxfq0&pg=6,3,16,1
57,57,Workleap,Montreal,Computer Software,https://www.workleap.com,"solid-principles,framer-motion,azure,powershell,.net,asp.net,cqrs,babeljs,redux,typescript,docker,webpack,yarnpkg,azure-devops,kubernetes,node.js,domain-driven-design,.net-core,git,mongodb,jestjs,c#,sass,wpf,event-sourcing,react-hooks,css-in-js,teamcity",201.0,500.0,2006.0,Private,122.0,https://stackoverflow.com/jobs/companies/workleap?c=OHJtsTiP4OlNI8dG&pg=6,1,28,1
58,58,Northwestern Medicine,Chicago,Healthcare,https://www.nm.org/,"angular,azure,.net,asp.net,services,react,sharepoint,android,sql,framework,javascript,web,databricks,powerbi,devops,wcf,net,jquery,rest,agile,sitecore,css,c#,ios,api,razor,html,core",10000.0,,,Public,50.0,https://stackoverflow.com/jobs/companies/northwestern-medicine?c=OQvpGpsY6k9Dp7m8&pg=6,1,28,1
59,59,Abbott,California;Orlando;Bend,Healthcare,https://www.abbott.com,"infrastructure-as-code,swift,reactjs,oauth-2.0,terraform,java,ansible,android,sql,c++,cloud,objective-c,javascript,docker,security,nativescript,kotlin,message-queue,openid,kubernetes,c,d3.js,elastic-stack,ios,react-native,microservices,amazon-web-services,python,go",10000.0,,1888.0,Public,181.0,https://stackoverflow.com/jobs/companies/abbott?c=OH3atdxbNtheGR44&pg=6,1,29,3
60,60,Google,Mountain View,"Internet Infrastructure,Cloud Services,Android",https://goo.gle/3DdfDhU,"swift,rust,android,cloud,c++,objective-c,javascript,algorithm,artificial-intelligence,deep-learning,go,angularjs,kotlin,data-structures,java,python,machine-learning,tensorflow",10000.0,,1998.0,Public,1800.0,https://stackoverflow.com/jobs/companies/google?c=9eoZRYLs2gCqYkfe&pg=7,3,18,1
61,61,EMBL-EBI (EMBL's European Bioinformatics Institute),Hinxton,"Big Data,Data Science,Life Sciences",https://www.ebi.ac.uk/careers,"elasticsearch,angular,gitlab,reactjs,java,google-cloud-platform,javascript,docker,oracle,spring,mysql,jenkins,kubernetes,solr,node.js,postgresql-9.1,lucene,apache-spark,drupal,clickhouse,mongodb,scala,tomcat,wordpress,servicenow,github,amazon-web-services,python",501.0,1000.0,1992.0,Public,42.0,https://stackoverflow.com/jobs/companies/embl-ebi-embls-european-bioinformatics-institute?c=OOQFylsqHVxYDJpm&pg=7,3,28,1
62,62,Siemens AG,München,Industrial Automation,https://www.siemens.com/global/en/company/jobs.html ,"data-distribution-service,embedded-linux,angular,http,azure,gitlab,reactjs,java,machine-learning,cicd,rust,c++,cloud,typescript,javascript,security,docker,mqtt,kubernetes,rest,real-time,opc-ua,c,c#,node-red,python,iot,artificial-intelligence,github,vmware,amazon-web-services,industrial,go",10000.0,,1847.0,,161.0,https://stackoverflow.com/jobs/companies/siemens-ag?c=OQZDfBAq9QVbhaKI&pg=7,1,33,1
63,63,Redgate Software,Cambridge,"DevOps,Computer Software,Databases",https://www.red-gate.com/,"c#,dapr,ceph,sql,typescript,javascript,docker,.net,reactjs,agile,asp.net-mvc,java,kubernetes",201.0,500.0,1999.0,Private,121.0,https://stackoverflow.com/jobs/companies/redgate-software?c=1wKxyoXYgl52yDIc&pg=7,3,13,1
64,64,Amperity,Seattle;London;New York,Customer Data Platform,https://amperity.com/,"node.js,scala,apache-spark,apache-kafka,clojure,reactjs,clojurescript,python,kubernetes",201.0,500.0,2015.0,Private,30.0,https://stackoverflow.com/jobs/companies/amperity?c=ORS1FL0eF0iLrFFm&pg=7,1,9,3
65,65,Equinor,Chao Yang Qu;Hoàn Kiếm;New Delhi,"Energy & Utilities,Oil & Gas,Green Energy",https://www.equinor.com/,"c#,devops,sql,c++,typescript,data-science,javascript,azure,linux,java,c,python,bigdata,windows",10000.0,,1972.0,Private,21.0,https://stackoverflow.com/jobs/companies/equinor?c=ORFWfhm3rbZKirUk&pg=7,3,14,3
66,66,SMS plc,Glasgow;Pontprennau;Doncaster,"Smart Grid,Energy & Utilities,Smart Home",https://www.sms-plc.com,"c#,sql,azure,javascript,docker,pandas,numpy,flask,jenkins,django,git,amazon-web-services,java,python",1000.0,5000.0,1995.0,Public,77.0,https://stackoverflow.com/jobs/companies/sms-plc?c=OMZPZNNI5IDiJ7Hy&pg=7,3,14,3
67,67,Cloudflight,Cluj-Napoca;Wrocław;Wien,"Software Development,Artificial Intelligence,Software Consulting",https://www.cloudflight.io/en/career/,"swagger,angular,lua,azure,bash,reactjs,java,postgresql,php,google-cloud-platform,c++,typescript,javascript,docker,kotlin,rabbitmq,mysql,grafana,kubernetes,vue.js,spring-boot,c,mariadb,openshift,c#,teamcity,amazon-web-services,python,go",501.0,1000.0,,Private,156.0,https://stackoverflow.com/jobs/companies/cloudflight?c=OMduhTcZctpe8eFq&pg=7,3,29,3
68,68,Next ,Colombo;Armthorpe;Leicester,"Marketing,Retail,Information Technology",https://careers.next.co.uk/#en/sites/CX_3001/pages/26002/?lastSelectedFacet=CATEGORIES&selectedCategoriesFacet=300000002304727,"mainframe,msbi,azure,.net,reactjs,azureservicebus,terraform,cicd,cypress,azure-cosmosdb,sql,typescript,javascript,docker,selenium,kubernetes,node.js,databricks,.net-core,git,material-ui,css,c#,html",10000.0,,1982.0,Public,170.0,https://stackoverflow.com/jobs/companies/next?c=OLl5RJNaHk1DXJKM&pg=7,3,24,3
69,69,Federal Bureau of Investigation (FBI),Kapolei;Anchorage;San Francisco,"Cybersecurity,Government,Information Technology",https://fbijobs.gov/,"arcgis,perl,bash,asp.net,java,matlab,hadoop,nutanix,php,sharepoint,sql,c++,docker,javascript,oracle,r,jenkins,kubernetes,cyber-ark,chef-infra,hyper-v,amazon-ec2,splunk,git,css,ruby,docker-compose,tableau-api,linux,html,python,puppet,palantir-foundry",10000.0,,1908.0,Public,173.0,https://stackoverflow.com/jobs/companies/federal-bureau-of-investigation?c=OQ7ePsaBEHxB6FQ4&pg=7,3,33,3
70,70,WebBeds Tech,Iași;Bangkok;Dubai,"B2B Trade,Online Travel,Travel & Tourism",https://webbeds.jobsoid.com/,"c#,php,web-services,laravel,.net,microservices,kubernetes,oop,mysql,amazon-web-services,go,json",1000.0,5000.0,2013.0,Public,120.0,https://stackoverflow.com/jobs/companies/webbeds-tech?c=ONbVqhrTjwWjSlsA&pg=8,3,12,3
71,71,Caterpillar Inc.,Geneva;Bengaluru;Chennai,"Internet of Things,Manufacturing,Software Development / Engineering",http://www.caterpillar.com,"elasticsearch,adobe,angular,nlp,amazon-s3,reactjs,amazon-emr,e-commerce,java,amazon-aurora,machine-learning,hadoop,aem,amazon-redshift,sql,computer-vision,javascript,docker,oracle,spring,alteryx,apigee,mysql,natural-language-processi,r,azure-devops,kubernetes,bigdata,amazon-athena,apache-spark,amazon-ec2,snowflake-cloud-data-plat,amazon-dynamodb,spring-boot,rest,akka,apache-kafka,elk,aws-iot,amazon-kinesis,salesforce,scala,aws-lambda,amazon-rds,tableau-api,iot,microservices,aws-glue,amazon-web-services,python",10000.0,,,Public,310.0,https://stackoverflow.com/jobs/companies/caterpillar-inc?c=OIdH25qh8l7lAbCg&pg=8,3,50,3
72,72,Ford Motor Company,Palo Alto;Detroit;Dearborn,"Transportation,Software Development / Engineering,Automotive",https://corporate.ford.com/home.html,"user-experience,web-development-server,.net,xml,shell,backend,java,sql,c++,javascript,scrum,node.js,frontend,rally,web-applications,agile,git,c,css,html5,c#,ruby,database,agile-project-management,web-services,linux,html,programming,python",10000.0,,1903.0,Public,449.0,https://stackoverflow.com/jobs/companies/ford-motor-company?c=OGsUbMAE82mbfbMY&pg=8,3,29,3
73,73,JPMorgan Chase & Co.,Mumbai;Hyderabad;Bengaluru,Financial Services,https://careers.jpmorgan.com/us/en/our-businesses/technology,"nlp,neural-network,java,software-design,infrastructure,machine-learning,sql,cloud,c++,data-science,javascript,mobile,natural-language-processi,bigdata,devops,deep-learning,microservices,artificial-intelligence,processing,python",10000.0,,1799.0,Public,733.0,https://stackoverflow.com/jobs/companies/jpmorgan-chase-co?c=NjWXyu9b3NnEguru&pg=8,1,20,3
74,74,Ockam,No office location,"Software Development,Security,Cloud Services",https://www.ockam.io/,"rust,open-source,typescript,cryptography,hashicorp-vault,encryption,elixir,oauth-2.0,saas,terraform,amazon-web-services,kubernetes",11.0,50.0,2017.0,Private,101.0,https://stackoverflow.com/jobs/companies/ockam?c=ONu3yZVa9foQBb68&pg=8,3,12,1
75,75,Picnic,Paris;Amsterdam;Düsseldorf,"E-Commerce,Logistics and Supply Chain,Information Technology",https://picnic.app/careers/,"swift,java-17,dagger-2,reactjs,terraform,java,postgresql,spring-mvc,typescript,docker,rxjs,spring,kotlin,rabbitmq,travis-ci,kubernetes,spring-boot,rest,mongodb,kops,stripe-payments,react-native,angularjs,snowplow,etl,amazon-web-services,python,snowflake-sql",5000.0,10000.0,2015.0,Private,467.0,https://stackoverflow.com/jobs/companies/picnic?c=mvUJNSg2ZCkHfGvu&pg=8,3,28,3
76,76,Catawiki,Amsterdam,eCommerce,http://www.catawiki.com,"elasticsearch,ruby-on-rails,xml,reactjs,css3,rspec,redis,apache,android,typescript,javascript,mysql,rails,jquery,tdd,git,haml,json,html5,ruby,sass,ios,automated-tests,testing,microservices,nginx,python,go,continious-integration",501.0,1000.0,2008.0,VC Funded,159.0,https://stackoverflow.com/jobs/companies/catawiki?c=gtoApgik3V46wogw&pg=8,1,29,1
77,77,Global Industrial,Port Washington;North Las Vegas;Robbinsville Township,"B2B Sales,eCommerce,Information Technology",https://www.globalindustrial.com/,"jms,jakarta-ee,powerbi,microsoft-cognitive,jquery,oracle,spring,reactjs,next.js,activemq,maven,git,amazon-web-services,nosql,java,sql-server,python,css",1000.0,5000.0,1949.0,Public,28.0,https://stackoverflow.com/jobs/companies/global-industrial?c=OQpmYaDSuq07PvtC&pg=8,3,18,3
78,78,ASML,Pudong Xinqu;Shenzhen;East District,"Hardware Development,Semiconductors,Software Development / Engineering",https://www.asml.com/en/careers/technical-fields/computer-science-jobs-software-engineering,"c#,java-ee,delphi,c++,maven,jenkins,linux,agile,oop,scrum,unix,java,c,python,jboss",10000.0,,1984.0,Public,257.0,https://stackoverflow.com/jobs/companies/asml?c=o64OkE4bEEMwDUXe&pg=8,3,15,3
79,79,mBank S.A.,Warsaw;Łódź,"Banking,Financial Services,Financial Technology",https://www.itwmbanku.pl/,"swift,angular,sd-wan,azure,react,java,cisco,hadoop,ansible,apache,android,f5,javascript,jira,oracle,jenkins,kubernetes,informatica-powercenter,powerbi,net,splunk,.net-core,apache-kafka,spark,c#,ferryt,confluence,testlink,nsx-t,microsoft,teamcity,vmware,amazon-web-services,mssql",5000.0,10000.0,1986.0,Public,69.0,https://stackoverflow.com/jobs/companies/mbank-sa?c=OO4jQqRHOGjU2Qne&pg=8,3,34,2
80,80,WirelessCar ,Göteborg,Automotive,http://www.wirelesscar.com,"infrastructure-as-code,cloudformation,datadog,azure,java,serverless,github-actions,terraform,github,argocd,amazon-web-services,python,kubernetes,cicd",501.0,1000.0,1999.0,Private,35.0,https://stackoverflow.com/jobs/companies/wirelesscar?c=OQjkfVOMSvQCfTB6&pg=9,1,14,1
81,81,atma.io ,Graz;Zagreb,"SaaS,Cloud-Based Solutions,Information Technology",https://www.atma.io/,"c#,node.js,azure-cosmosdb,redis,angular,api,python,unit-testing,typescript,azure,microservices,.net,azureservicebus,asp.net-core,azure-devops,mongodb,azure-queues",51.0,200.0,2019.0,Public,99.0,https://stackoverflow.com/jobs/companies/atmaio?c=OxiN7j88ETWjfL8s&pg=9,3,17,2
82,82,TELUS Future Friendly Technology Services,Toronto;Vancouver;Calgary,"Broadcast,Smart Home,Telecommunications",https://ca.linkedin.com/company/telus-future-friendly-technology-services,"swift,.netcore,android,gke,kubernetes-helm,ocp,javascript,gcp,.net,docker,vue.js,node,reactjs,aws,terraform",10000.0,,,Public,100.0,https://stackoverflow.com/jobs/companies/telus-future-friendly-technology-services?c=OMNKzk9wRUkhzTWw&pg=9,3,15,3
83,83,Highspot,London;München;Vancouver,Information Technology,https://www.highspot.com/,"node.js,ruby,jquery-ui,redux,snowflake-cloud-data-plat,javascript,jquery,kafka,reactjs,clojure,amazon-web-services,postgresql,kubernetes,mongodb",1000.0,5000.0,2012.0,Private,79.0,https://stackoverflow.com/jobs/companies/highspot?c=OJiaSIugRiNWTUhW&pg=9,1,14,3
84,84,PwC,New York,"Technology Consulting,Product Development,Consulting",https://jobs.us.pwc.com/,"hangouts-chat,azure,methodologies,.net,google-app-engine,python-2.7,google-cloud-platform,sql,proc-sql,javascript,security,bots,spring,backed,alteryx,visual-c++,node.js,powerbi,robotics,stored,appian,chatbot,test,microsoft-graph-api,google-sheets,continuous-integration,salesforce,c#,google-chrome,kong,oriented,gradle,mapping,idam,db2,workflow,webpack,sharp,apigee,mysql,jenkins,excel,mean-stack,struts,platform,ui-automation,gulp,devops,sail,architecture,git,google-apps-script,nosql,computer,html5,ios,service,ms,artificial-intelligence,moq,database-design,data,amazon-web-services,lifecycle,developers,windows-installer,ibm-bpm,androiddesignsupport,maven,records,architect,search,chef-infra,junit,ant,solution,management,layer,tableau-api,bpm,ssis,python,nunit,user-experience,hibernate,development,sap,automation,visual-studio,css3,soa,system,java,projectservicenow,cicd,azure-cosmosdb,php,jakarta-ee,implementation,jdbc,wsinodejs,.netc,cloud,oracle,tableau-desktop,governance,mulesoft,vstsvisual,application,ms-access,penetration,tfs,ado,puppet,integration-testing,workday",10000.0,,,Private,291.0,https://stackoverflow.com/jobs/companies/pwc?c=BaOONdBVwmp4Gf1S&pg=9,3,116,1
85,85,Stadtwerke Muenchen GmbH,München,"Public Transportation,Energy & Environment,Telecommunications",https://www.swm.de/karriere/berufserfahrene/it?mtm_campaign=wp-swm-it&mtm_source=stackoverflow&mtm_medium=employer_profil&mtm_content=link&mtm_keyword=&mtm_group=,"c#,angular,soap,sql,cloud,c++,ai,iot,security,javascript,rest,spring,.net,html,abap,kotlin,java,python",10000.0,,,Public,27.0,https://stackoverflow.com/jobs/companies/stadtwerke-muenchen-gmbh?c=OPqVPMoYnmt25oGs&pg=9,3,18,1
86,86,Bupa,London;Leeds;Staines-upon-Thames,"Healthcare,Insurance",https://careers.bupa.co.uk/,"c#,sql,azure,.net,apigee",10000.0,,1947.0,Private,51.0,https://stackoverflow.com/jobs/companies/bupa?c=ONG8Ztzln3HRKoRa&pg=9,2,5,3
87,87,MOIA GmbH,Berlin;Hamburg,"ridesharing,Mobility Services,Automotive",https://www.moia.io/,"swift,flutter,reactjs,functional-programming,rust,android,amazon-redshift,typescript,objective-c-blocks,distributed-system,nrwl-nx,kotlin,mobile,kubernetes,akka,serverless,ios,scala,aws-lambda,slick,vite,android-jetpack,amazon-web-services,python,go,graphql",201.0,500.0,2016.0,Private,94.0,https://stackoverflow.com/jobs/companies/moia-gmbh?c=JMwroherQ48ime9G&pg=9,3,26,2
88,88,Erste Digital,Staré Mesto;Bratislava;Wien,"Banking,Finance,Financial Technology",https://www.erstedigital.com/en/career/positions-Austria,"swift,elasticsearch,angular,aop,hibernate,xml,perl,db2,java,maven,postgresql,plsql,jboss,websphere,hadoop,jms,netbeans,apache,redis,ajax,sql,c++,javascript,ejb,jira,oracle,kotlin,cassandra,java-8,mysql,bootstrap,selenium,jpa,jquery,junit,rest,spring-boot,eclipse,git,intellij-idea,c,cucumber,css,mongodb,json,c#,jersey,ruby,glassfish,tomcat,tosca,html,angularjs,github,sketch-3,python",1000.0,5000.0,,Public,69.0,https://stackoverflow.com/jobs/companies/erste-digital?c=OKKPAiQD1T6Aw4tG&pg=9,3,56,3
89,89,ICA Gruppen AB,Estonia;Lithuania;Latvia,Retail,https://karriar.icagruppen.se/global/en/it-tech-analytics,"azure,.net,terraform,java,cicd,sql,docker,javascript,aws,jenkins,kubernetes,node.js,devops,gcp,asp.net-core,css,c#,microservices,html,python",10000.0,,1917.0,Private,24.0,https://stackoverflow.com/jobs/companies/ica-gruppen-ab?c=OQHv6T79k8sEyl7a&pg=9,1,20,3
90,90,Bol.com,Utrecht,"E-Commerce,Retail,Information Technology",https://techlab.bol.com/,"elasticsearch,angular,reactjs,google-cloud-pubsub,java,postgresql,cypress,google-cloud-platform,typescript,docker,javascript,kotlin,scrum,selenium,kubernetes,spring-boot,google-bigquery,cucumber,mongodb,sass,microservices,go",1000.0,5000.0,1999.0,Public,139.0,https://stackoverflow.com/jobs/companies/bol-com?c=5NNxEvx3BW6JgPvy&pg=10,3,22,1
91,91,SMG Swiss Marketplace Group,Beograd;Berlin;Zug,"Information Services,eCommerce,Information Technology",https://swissmarketplace.group/,"elasticsearch,angular,amazon-s3,.net,gitlab,reactjs,postman,amazon-emr,asp.net,sam,amazon-aurora,aws-aurora-serverless,cypress,apache,glue-crawler,severless,pact.js,amazon-redshift,typescript,snowflake-task,javascript,webpack,airflow-scheduler,aws,snowflake-schema,amazon-kinesis-analytics,gitlab-ci,amazon-athena,syntax,tableau-desktop,node.js,endpoint,snowflake-cloud-data-plat,frameworks,aws-lambda-edge,vue.js,amazon-dynamodb,vuex,serverless,amazon-eks,amazon-kinesis,elastic-stack,jestjs,c#,sass,postcss,aws-lambda,aws-appsync,hygen,tableau-api,aws-glue-data-catalog,aws-glue,aws-fargate,scss,amazon-web-services,aws-dms,graphql,spring-data-elasticsearch",501.0,1000.0,,Private,34.0,https://stackoverflow.com/jobs/companies/smg-swiss-marketplace-group?c=OOWIgAhwjPHudlhS&pg=10,3,58,3
92,92,Lendico Deutschland GmbH,Berlin,"Financial Services,Financial Technology",https://www.lendico.de/karriere,"reactjs,java,maven,postgresql,typescript,docker,javascript,spring,kotlin,mysql,kubernetes,junit,rest,apache-kafka,tdd,mariadb,css,jvm,html",51.0,200.0,2013.0,Private,55.0,https://stackoverflow.com/jobs/companies/lendico-deutschland-gmbh?c=M52qzPYLGcmQ5rGg&pg=10,2,19,1
93,93,TWINT AG,Bern;Zürich,"Mobile Payments,Mobile Application",https://www.twint.ch/en/,"swift,java,sql,javascript,wildfly,docker,jira,spring,kotlin,selenium,jenkins,kubernetes,soapui,devops,kubernetes-helm,rest,git,confluence,sql-pl,linux,gradle,amazon-web-services,python",51.0,200.0,2016.0,Private,51.0,https://stackoverflow.com/jobs/companies/twint-ag?c=OP2KYP6BVJQZMXao&pg=10,2,23,2
94,94,Ypsomed AG,Solothurn;Oberburg;Barcelona,"Medical Software,Medical Devices",https://www.ypsomed.com/en/jobs-careers/vacant-positions/professionals.html,"swift,testautomation,kiss,sap-wm,solid,lte,azure,nordic,ibm-doors,terraform,java,maven,windows,android,segger-embos,c++,cmake,m2m,spring,kotlin,yagni,nfc,sap-mm,scrum,selenium,elastic,iso13485,devops,sap-successfactors,ble,stm32,misra,sap-hcm,spring-boot,agile,v-model,git,tdd,conan,iec62304,c,cucumber,health-suite,intellij,c#,podman,ios,chocolatey,uml,iot,microservices,meson,appium,linux,cloud-foundry,amazon-web-services,python,bluetooth,catch2",1000.0,5000.0,,Public,13.0,https://stackoverflow.com/jobs/companies/ypsomed-ag?c=ORnO6ySMBtxdzCgM&pg=10,2,59,3
95,95,Avanade Inc,Singapore;London;Seattle,"Technology Consulting,IT Consulting,Information Technology",http://avanade.com,"azure,.net,azure-databricks,java,sql-server,machine-learning,powerbi-datasource,azure-active-directory,sql,cloud,javascript,oracle,azure-devops,databricks,devops,powerbi,data-analysis,power-bi-report-server,azure-resource-manager,agile,databricks-connect,sitecore,daxstudio,css,c#,agile-project-management,powerbi-embedded,azure-sentinel,iot,artificial-intelligence,dax,powerbi-desktop,html,azure-iot-hub,python",10000.0,,2000.0,Private,22.0,https://stackoverflow.com/jobs/companies/avanade-inc?c=ORtQONHSdnGJ9e9i&pg=10,3,35,3
96,96,Citi,Warsaw;Pune;Chennai,"Risk Management,Finance,Financial Technology",https://jobs.citi.com/tech?cmp=TechStack_07-17-23_Global_Ext_Stackoverflow#/,"user-experience,event-driven-design,development,cloud-native,low-latency,static-analysis,bdd,data-fabric,dynamic-analysis,java,velocity,typescript,javascript,scrum,chaos,data-mesh,data-lineage,aiml,rtm,observability,azure-data-lake,code-coverage,orchestrator,agile,tdd,nosql,data-security,c#,container,api,management,ai,microservices,performance-testing,tools,golang-migrate,python",10000.0,,,Public,60.0,https://stackoverflow.com/jobs/companies/citi1?c=OPJ3YuSfd4VyOek0&pg=10,3,37,3
97,97,iFit,No office location,Health & Fitness,https://www.ifit.com/aboutus,"c#,ios,android,objective-c,javascript,java,reactjs,git,xamarin",201.0,500.0,1992.0,Private,340.0,https://stackoverflow.com/jobs/companies/ifit?c=qilZQU4ImPctC2cM&pg=10,1,9,1
98,98,Beiersdorf ,Wielkopolskie;Ciudad de México;Hamburg,Beauty,https://www.beiersdorf.com/career/departments-and-teams,"sap-commerce-cloud,office365,azure,sap,s4hana,vmware,sap-bw,magento",10000.0,,1882.0,Private,21.0,https://stackoverflow.com/jobs/companies/beiersdorf?c=OPV9oYwqqTezXs52&pg=10,1,8,3
99,99,IT.NRW,Münster;Hagen;Paderborn,"Statistics,Information Technology",http://www.it.nrw.de/karriere,"cms,.net,sap,gitlab,fur,xml,jahia,react,java,shell-scripting,postgresql,cicd,jboss,tensorflow,ansible,php,apache,symfony,cloud,framework,docker,javascript,laravel,security,oracle,voip,abap,ui5,mysql,r,j2ee,kubernetes,sas,mdm,twig,wan,devops,jpa,drupal,vpn,automatisierung,mariadb,css,jsf,json,ruby,podman,container,collaboration,react-native,testing,linux,scss,vmware,python",1000.0,5000.0,1948.0,Public,29.0,https://stackoverflow.com/jobs/companies/itnrw?c=OQdhxGZHgBH6GhIA&pg=10,2,55,3
100,100,KfW,Berlin;Frankfurt am Main,"Banking,Finance",http://www.kfw.de/it-jobs,"c#,php,r,c++,javascript,sap,pl1,java,python",5000.0,10000.0,1948.0,Public,8.0,https://stackoverflow.com/jobs/companies/kfw?c=OSshXbWMkrdOTkWs&pg=11,2,9,2
101,101,UBS,Qatar;India;Hong Kong,"Financial Services,Financial Technology",https://www.ubs.com/global/en/careers/technology-careers.html,"swift,azure,gitlab,reactjs,java,maven,postgresql,machine-learning,cicd,sql,cloud,typescript,objective-c,javascript,data-science,kotlin,r,cloud-security,kubernetes,nosql,swiftui,mongodb,nist,ios,artificial-intelligence,github,python",10000.0,,,Private,5.0,https://stackoverflow.com/jobs/companies/ubs?c=OSQsO9f8M3PRbMsw&pg=11,2,27,3
